INSERT INTO events (id, title, description, "date", local_event_name, local_event_longitude, local_event_latitude,
                    image_url, banner_url, is_important, value)
VALUES ('a1b2c3d4-e5f6-7890-ab12-cdef34567890'::uuid, 'Culto Jovem', 'Um culto especial para os jovens da igreja.',
        '2025-06-15 19:00:00', 'Igreja Central', -46.633309, -23.55052, 'https://example.com/imagens/culto.jpg',
        'https://example.com/banners/culto-banner.jpg', true, 0.0),
       ('54451953-43d4-41af-a9dc-684db7c023c3'::uuid, 'Missa de Pentecostes',
        'Celebração especial de Pentecostes com louvor, adoração e pregação.', '2025-06-08 15:00:00',
        'Igreja Matriz São Sebastião', -60.0231, -3.1316,
        'https://storage.googleapis.com/download/storage/v1/b/hallel-bucket/o/Missa%20de%20Pentecostes-Event-image?generation=1747832637118546&alt=media',
        'https://storage.googleapis.com/download/storage/v1/b/hallel-bucket/o/Missa%20de%20Pentecostes-Event-banner?generation=1747832638642389&alt=media',
        false, 0.0),
       ('7cf1d168-d06f-453a-8033-ab94206b78fe'::uuid, 'Retiro Espiritual Jovem',
        'Fim de semana de oração, reflexão e comunhão para os jovens da comunidade.', '2025-07-04 04:00:00',
        'Centro de Retiro Maromba', -59.9847, -3.0924,
        'https://storage.googleapis.com/download/storage/v1/b/hallel-bucket/o/Retiro%20Espiritual%20Jovem-Event-image?generation=1747832697307196&alt=media',
        'https://storage.googleapis.com/download/storage/v1/b/hallel-bucket/o/Retiro%20Espiritual%20Jovem-Event-banner?generation=1747832698630782&alt=media',
        true, 0.0),
       ('af537317-4ddf-47da-afe4-c592d8d16ad7'::uuid, 'Noite de Louvor e Adoração',
        'Uma noite vibrante de música, oração e partilha da Palavra.', '2025-06-15 15:30:00',
        'Comunidade Católica Shalom - Manaus', -60.0264, -3.1014,
        'https://storage.googleapis.com/download/storage/v1/b/hallel-bucket/o/Noite%20de%20Louvor%20e%20Adora%C3%A7%C3%A3o-Event-image?generation=1747832747694849&alt=media',
        'https://storage.googleapis.com/download/storage/v1/b/hallel-bucket/o/Noite%20de%20Louvor%20e%20Adora%C3%A7%C3%A3o-Event-banner?generation=1747832749021460&alt=media',
        false, 0.0),
       ('f15dfabb-923c-4010-8c64-1432414e82ca'::uuid, 'Formação para Líderes de Célula',
        'Encontro de capacitação para líderes de grupos de oração.', '2025-06-22 10:00:00',
        'Paróquia Nossa Senhora das Graças', -60.0102, -3.1233,
        'https://storage.googleapis.com/download/storage/v1/b/hallel-bucket/o/Forma%C3%A7%C3%A3o%20para%20L%C3%ADderes%20de%20C%C3%A9lula-Event-image?generation=1747832813673059&alt=media',
        'https://storage.googleapis.com/download/storage/v1/b/hallel-bucket/o/Forma%C3%A7%C3%A3o%20para%20L%C3%ADderes%20de%20C%C3%A9lula-Event-banner?generation=1747832815097057&alt=media',
        true, 0.0),
       ('310572e6-0ff1-4f4f-93db-c24e1862caf3'::uuid, 'Tarde com Maria',
        'Momento de espiritualidade mariana com oração do terço, meditação e missa.', '2025-08-10 11:00:00',
        'Capela São João Paulo II', -60.035, -3.1052,
        'https://storage.googleapis.com/download/storage/v1/b/hallel-bucket/o/Tarde%20com%20Maria-Event-image?generation=1747832858065466&alt=media',
        'https://storage.googleapis.com/download/storage/v1/b/hallel-bucket/o/Tarde%20com%20Maria-Event-banner?generation=1747832859592220&alt=media',
        false, 0.0);


INSERT INTO event_scale (id, event_id, ministry_id, "date")
VALUES ('123e4567-e89b-12d3-a456-426614174000'::uuid, 'a1b2c3d4-e5f6-7890-ab12-cdef34567890'::uuid,
        '8675330f-9c78-4c6d-9230-b046b4097392'::uuid, '2025-05-16'),
       ('808bb575-e8cb-4186-a91b-e13f992d9457'::uuid, '54451953-43d4-41af-a9dc-684db7c023c3'::uuid,
        '8675330f-9c78-4c6d-9230-b046b4097392'::uuid, '2025-06-08'),
       ('316e53c8-8009-4247-96f7-729b18ec396e'::uuid, '54451953-43d4-41af-a9dc-684db7c023c3'::uuid,
        'dc317933-167f-4f76-b7cb-a2a219dc8191'::uuid, '2025-06-08'),
       ('1890152a-455f-4ecb-8c7b-2e322cb66675'::uuid, '7cf1d168-d06f-453a-8033-ab94206b78fe'::uuid,
        '8675330f-9c78-4c6d-9230-b046b4097392'::uuid, '2025-07-04'),
       ('f7126854-dbdc-4ced-9efa-04a521458afb'::uuid, 'af537317-4ddf-47da-afe4-c592d8d16ad7'::uuid,
        'dc317933-167f-4f76-b7cb-a2a219dc8191'::uuid, '2025-06-15'),
       ('09b2415e-ec84-4df3-973b-7ea6cfc32a17'::uuid, 'f15dfabb-923c-4010-8c64-1432414e82ca'::uuid,
        '8675330f-9c78-4c6d-9230-b046b4097392'::uuid, '2025-06-22'),
       ('9b35a429-d2b5-43f8-84d7-ee60cc488c2b'::uuid, 'f15dfabb-923c-4010-8c64-1432414e82ca'::uuid,
        'dc317933-167f-4f76-b7cb-a2a219dc8191'::uuid, '2025-06-22');

INSERT INTO member_event_scale (id, event_scale_id, user_id, status, reason_absence)
VALUES ('b39c58c8-9c0f-4c7b-b1d3-c8d83ce57f9d'::uuid, '808bb575-e8cb-4186-a91b-e13f992d9457'::uuid,
        'fdf09dab-a1b1-4c8e-bfa5-cbb80eb40190'::uuid, 'CONVIDADO', NULL),
       ('acfe55a5-24cf-4559-8374-2c658e14c012'::uuid, '808bb575-e8cb-4186-a91b-e13f992d9457'::uuid,
        'a78319c9-abd5-48d0-988a-60f421e9dd98'::uuid, 'CONVIDADO', NULL),
       ('170305d7-a272-4f4e-96fa-b701fa75a268'::uuid, '316e53c8-8009-4247-96f7-729b18ec396e'::uuid,
        'fdf09dab-a1b1-4c8e-bfa5-cbb80eb40190'::uuid, 'CONVIDADO', NULL),
       ('b373d87e-3781-42c2-b899-264f65b9f591'::uuid, '316e53c8-8009-4247-96f7-729b18ec396e'::uuid,
        '35e5d0dc-b95b-42c1-ab41-96954e488ea0'::uuid, 'CONVIDADO', NULL),
       ('24fe60b2-abe3-46ad-ab45-372d8e484417'::uuid, '1890152a-455f-4ecb-8c7b-2e322cb66675'::uuid,
        'fdf09dab-a1b1-4c8e-bfa5-cbb80eb40190'::uuid, 'CONVIDADO', NULL),
       ('99a8e7eb-be00-4d40-9f00-c4840c1fd9e9'::uuid, '1890152a-455f-4ecb-8c7b-2e322cb66675'::uuid,
        'a78319c9-abd5-48d0-988a-60f421e9dd98'::uuid, 'CONVIDADO', NULL),
       ('fef243de-3b01-4bea-bc5d-56349a076d19'::uuid, 'f7126854-dbdc-4ced-9efa-04a521458afb'::uuid,
        'fdf09dab-a1b1-4c8e-bfa5-cbb80eb40190'::uuid, 'CONVIDADO', NULL),
       ('ab89a8b6-0a03-4ba0-af82-9f70ab599442'::uuid, 'f7126854-dbdc-4ced-9efa-04a521458afb'::uuid,
        '35e5d0dc-b95b-42c1-ab41-96954e488ea0'::uuid, 'CONVIDADO', NULL),
       ('e582cf22-9134-4946-b4ec-480240e819ef'::uuid, '09b2415e-ec84-4df3-973b-7ea6cfc32a17'::uuid,
        'fdf09dab-a1b1-4c8e-bfa5-cbb80eb40190'::uuid, 'CONVIDADO', NULL),
       ('2fcc9a2d-0270-4461-91e2-ca3df4ac0c86'::uuid, '09b2415e-ec84-4df3-973b-7ea6cfc32a17'::uuid,
        'a78319c9-abd5-48d0-988a-60f421e9dd98'::uuid, 'CONVIDADO', NULL);
INSERT INTO member_event_scale (id, event_scale_id, user_id, status, reason_absence)
VALUES ('1a18f3fa-b192-408c-9661-a3f1b93180d2'::uuid, '9b35a429-d2b5-43f8-84d7-ee60cc488c2b'::uuid,
        'fdf09dab-a1b1-4c8e-bfa5-cbb80eb40190'::uuid, 'CONVIDADO', NULL),
       ('2592cc35-2b1f-434c-8660-9a1f07f10584'::uuid, '9b35a429-d2b5-43f8-84d7-ee60cc488c2b'::uuid,
        '35e5d0dc-b95b-42c1-ab41-96954e488ea0'::uuid, 'CONVIDADO', NULL);
